Workbook

Sheet Tổng quan
A1: KỊCH BẢN KIỂM THỬ (TEST CASES)
A2: Dự án: Website tích điểm & đặt hàng — Laboong Victoria Văn Phú
A3: Gồm: App khách hàng · Màn hình Thu ngân (POS) · Trang Quản trị (Admin)
A5: HƯỚNG DẪN SỬ DỤNG
A6: • Mỗi sheet là một nhóm chức năng. Cột 'Trạng thái' chọn từ danh sách: Pass / Fail / Chưa test / Blocked.
A7: • Tester điền 'Kết quả thực tế' và 'Trạng thái' sau khi chạy từng case; ghi chú lỗi (nếu có) vào cột Ghi chú.
A8: • Ưu tiên: Cao = luồng chính/tiền/bảo mật · TB = phụ trợ · Thấp = giao diện/nice-to-have.
A9: • Bảng thống kê bên dưới tự cập nhật theo cột Trạng thái ở tất cả các sheet.
A12: THỐNG KÊ
A13: Nhóm chức năng | B13: Tổng số | C13: Pass | D13: Fail | E13: Chưa test | F13: Blocked
A14: Đăng ký & Đăng nhập | B14: =COUNTA('Đăng ký & Đăng nhập'!$A$2:$A$500) | C14: =COUNTIF('Đăng ký & Đăng nhập'!$K$2:$K$500,"Pass") | D14: =COUNTIF('Đăng ký & Đăng nhập'!$K$2:$K$500,"Fail") | E14: =COUNTIF('Đăng ký & Đăng nhập'!$K$2:$K$500,"Chưa test") | F14: =COUNTIF('Đăng ký & Đăng nhập'!$K$2:$K$500,"Blocked")
A15: Trang chủ & Tích điểm | B15: =COUNTA('Trang chủ & Tích điểm'!$A$2:$A$500) | C15: =COUNTIF('Trang chủ & Tích điểm'!$K$2:$K$500,"Pass") | D15: =COUNTIF('Trang chủ & Tích điểm'!$K$2:$K$500,"Fail") | E15: =COUNTIF('Trang chủ & Tích điểm'!$K$2:$K$500,"Chưa test") | F15: =COUNTIF('Trang chủ & Tích điểm'!$K$2:$K$500,"Blocked")
A16: Đổi quà & Ví voucher | B16: =COUNTA('Đổi quà & Ví voucher'!$A$2:$A$500) | C16: =COUNTIF('Đổi quà & Ví voucher'!$K$2:$K$500,"Pass") | D16: =COUNTIF('Đổi quà & Ví voucher'!$K$2:$K$500,"Fail") | E16: =COUNTIF('Đổi quà & Ví voucher'!$K$2:$K$500,"Chưa test") | F16: =COUNTIF('Đổi quà & Ví voucher'!$K$2:$K$500,"Blocked")
A17: Đặt món & Đơn hàng | B17: =COUNTA('Đặt món & Đơn hàng'!$A$2:$A$500) | C17: =COUNTIF('Đặt món & Đơn hàng'!$K$2:$K$500,"Pass") | D17: =COUNTIF('Đặt món & Đơn hàng'!$K$2:$K$500,"Fail") | E17: =COUNTIF('Đặt món & Đơn hàng'!$K$2:$K$500,"Chưa test") | F17: =COUNTIF('Đặt món & Đơn hàng'!$K$2:$K$500,"Blocked")
A18: POS Thu ngân | B18: =COUNTA('POS Thu ngân'!$A$2:$A$500) | C18: =COUNTIF('POS Thu ngân'!$K$2:$K$500,"Pass") | D18: =COUNTIF('POS Thu ngân'!$K$2:$K$500,"Fail") | E18: =COUNTIF('POS Thu ngân'!$K$2:$K$500,"Chưa test") | F18: =COUNTIF('POS Thu ngân'!$K$2:$K$500,"Blocked")
A19: Quản trị (Admin) | B19: =COUNTA('Quản trị (Admin)'!$A$2:$A$500) | C19: =COUNTIF('Quản trị (Admin)'!$K$2:$K$500,"Pass") | D19: =COUNTIF('Quản trị (Admin)'!$K$2:$K$500,"Fail") | E19: =COUNTIF('Quản trị (Admin)'!$K$2:$K$500,"Chưa test") | F19: =COUNTIF('Quản trị (Admin)'!$K$2:$K$500,"Blocked")
A20: Bảo mật & Phân quyền | B20: =COUNTA('Bảo mật & Phân quyền'!$A$2:$A$500) | C20: =COUNTIF('Bảo mật & Phân quyền'!$K$2:$K$500,"Pass") | D20: =COUNTIF('Bảo mật & Phân quyền'!$K$2:$K$500,"Fail") | E20: =COUNTIF('Bảo mật & Phân quyền'!$K$2:$K$500,"Chưa test") | F20: =COUNTIF('Bảo mật & Phân quyền'!$K$2:$K$500,"Blocked")
A21: SEO & PWA | B21: =COUNTA('SEO & PWA'!$A$2:$A$500) | C21: =COUNTIF('SEO & PWA'!$K$2:$K$500,"Pass") | D21: =COUNTIF('SEO & PWA'!$K$2:$K$500,"Fail") | E21: =COUNTIF('SEO & PWA'!$K$2:$K$500,"Chưa test") | F21: =COUNTIF('SEO & PWA'!$K$2:$K$500,"Blocked")
A22: TỔNG CỘNG | B22: =SUM(B14:B21) | C22: =SUM(C14:C21) | D22: =SUM(D14:D21) | E22: =SUM(E14:E21) | F22: =SUM(F14:F21)

Sheet Đăng ký & Đăng nhập
A1: Mã TC | B1: Chức năng | C1: Tiêu đề kịch bản | D1: Điều kiện tiên quyết | E1: Các bước thực hiện | F1: Dữ liệu test | G1: Kết quả mong đợi | H1: Ưu tiên | I1: Loại test | J1: Kết quả thực tế | K1: Trạng thái | L1: Ghi chú
A2: TC-ĐK-01 | B2: Đăng ký | C2: Đăng ký thành viên mới thành công | D2: Chưa có tài khoản với SĐT này | E2: 1. Vào /register 2. Nhập SĐT, họ tên, email, ngày sinh, mật khẩu 3. Bấm Tạo tài khoản | F2: SĐT hợp lệ chưa dùng | G2: Tạo tài khoản thành công; được cộng đúng số điểm chào mừng cấu hình trong Admin (không cố định 50) | H2: Cao | I2: Chức năng | K2: Chưa test
A3: TC-ĐK-02 | B3: Đăng ký | C3: Điểm chào mừng lấy từ cài đặt Admin | D3: Admin đặt điểm chào mừng = 0 và = 80 để thử | E3: 1. Đổi cài đặt điểm chào mừng ở Admin 2. Đăng ký tài khoản mới 3. Xem điểm được cộng | F3: welcome=0 / welcome=80 | G3: welcome=0: không hiện thẻ điểm, cộng 0đ; welcome=80: cộng đúng 80 điểm | H3: Cao | I3: Chức năng | K3: Chưa test
A4: TC-ĐK-03 | B4: Đăng ký | C4: Chặn SĐT trùng | D4: Đã có tài khoản với SĐT | E4: 1. Đăng ký lại bằng SĐT đã tồn tại | F4: SĐT đã đăng ký | G4: Báo lỗi SĐT đã tồn tại, không tạo trùng | H4: Cao | I4: Chức năng | K4: Chưa test
A5: TC-ĐK-04 | B5: Đăng ký | C5: Kiểm tra email/ngày sinh không hợp lệ | E5: 1. Nhập email sai định dạng / bỏ trống bắt buộc 2. Bấm Tạo tài khoản | F5: email='abc' | G5: Hiện lỗi validate, không gửi form | H5: TB | I5: Chức năng | K5: Chưa test
A6: TC-ĐK-05 | B6: Đăng ký | C6: Giới hạn tần suất đăng ký | E6: 1. Gửi đăng ký nhiều lần liên tiếp vượt ngưỡng | F6: > ngưỡng/phút | G6: Bị chặn tạm thời (429/too many) | H6: TB | I6: Bảo mật | K6: Chưa test
A7: TC-ĐK-06 | B7: Đăng ký | C7: Ô nhập không bị zoom trên iPhone | D7: Mở /register bằng Safari iPhone | E7: 1. Chạm vào ô nhập | G7: Không bị phóng to màn hình (font ô nhập ≥16px) | H7: Thấp | I7: Giao diện | K7: Chưa test
A8: TC-ĐK-07 | B8: Đăng nhập | C8: Khách đăng nhập thành công | D8: Có tài khoản khách | E8: 1. Vào /login 2. Nhập SĐT + mật khẩu 3. Đăng nhập | F8: tài khoản khách | G8: Vào trang chủ khách | H8: Cao | I8: Chức năng | K8: Chưa test
A9: TC-ĐK-08 | B9: Đăng nhập | C9: Thu ngân đăng nhập → vào thẳng POS | D9: Có tài khoản staff active | E9: 1. Đăng nhập bằng tài khoản thu ngân | F9: staff cashier | G9: Chuyển thẳng tới /pos/points | H9: Cao | I9: Chức năng | K9: Chưa test
A10: TC-ĐK-09 | B10: Đăng nhập | C10: Sai mật khẩu | E10: 1. Nhập sai mật khẩu | F10: mật khẩu sai | G10: Báo lỗi, không đăng nhập | H10: Cao | I10: Chức năng | K10: Chưa test
A11: TC-ĐK-10 | B11: Đăng nhập | C11: Giới hạn 5 lần/phút | E11: 1. Nhập sai liên tiếp > 5 lần trong 1 phút | F11: 6 lần sai | G11: Bị chặn 'thử quá nhiều lần' | H11: Cao | I11: Bảo mật | K11: Chưa test
A12: TC-ĐK-11 | B12: Quên mật khẩu | C12: Gửi mật khẩu mới về email | D12: Tài khoản có email | E12: 1. Bấm Quên mật khẩu 2. Nhập SĐT 3. Gửi | F12: SĐT đã đăng ký | G12: Email nhận mật khẩu mới; đăng nhập được bằng mật khẩu mới | H12: Cao | I12: Chức năng | K12: Chưa test
A13: TC-ĐK-12 | B13: Quên mật khẩu | C13: SĐT chưa đăng ký | E13: 1. Nhập SĐT không tồn tại | F13: SĐT lạ | G13: Thông báo phù hợp, không lộ thông tin | H13: TB | I13: Bảo mật | K13: Chưa test

Sheet Trang chủ & Tích điểm
A1: Mã TC | B1: Chức năng | C1: Tiêu đề kịch bản | D1: Điều kiện tiên quyết | E1: Các bước thực hiện | F1: Dữ liệu test | G1: Kết quả mong đợi | H1: Ưu tiên | I1: Loại test | J1: Kết quả thực tế | K1: Trạng thái | L1: Ghi chú
A2: TC-TC-01 | B2: Trang chủ | C2: Hiển thị điểm/hạng/tiến độ | D2: Đăng nhập khách | E2: 1. Mở trang chủ | G2: Hiện đúng điểm tích luỹ, hạng, thanh tiến độ mốc đổi quà | H2: Cao | I2: Chức năng | K2: Chưa test
A3: TC-TC-02 | B3: Điểm danh | C3: Điểm danh mỗi ngày cộng điểm | D3: Chưa điểm danh hôm nay | E3: 1. Bấm Điểm danh | G3: Cộng điểm theo cấu hình, streak +1 | H3: Cao | I3: Chức năng | K3: Chưa test
A4: TC-TC-03 | B4: Điểm danh | C4: Chặn điểm danh 2 lần/ngày | D4: Đã điểm danh hôm nay | E4: 1. Bấm Điểm danh lần nữa | G4: Không cộng thêm; báo đã điểm danh | H4: TB | I4: Chức năng | K4: Chưa test
A5: TC-TC-04 | B5: Nút nội bộ | C5: Nút theo vai trò | D5: Đăng nhập từng vai trò | E5: 1. Xem nút góc trên trang chủ | F5: cashier/manager/admin | G5: Thu ngân → 'Bán hàng' (/pos/points); Quản lý & Chủ → 'Quản trị' (/admin) | H5: Cao | I5: Chức năng | K5: Chưa test
A6: TC-TC-05 | B6: Nút nội bộ | C6: Khách thường không thấy nút | D6: Đăng nhập khách thường | E6: 1. Xem trang chủ | G6: Không có nút vào khu nội bộ | H6: Cao | I6: Bảo mật | K6: Chưa test
A7: TC-TC-06 | B7: PWA | C7: Banner cài app hiện khi chưa cài | D7: Mở bằng trình duyệt | E7: 1. Mở trang chủ | G7: Hiện banner 'Cài Laboong lên màn hình chính', không có nút ✕ | H7: TB | I7: Chức năng | K7: Chưa test
A8: TC-TC-07 | B8: PWA | C8: Banner ẩn khi đã cài | D8: Đã thêm vào MH chính, mở dạng app | E8: 1. Mở app từ icon | F8: standalone | G8: Banner tự ẩn | H8: TB | I8: Chức năng | K8: Chưa test
A9: TC-TC-08 | B9: PWA | C9: Header không bị khuất trên iPhone | D9: Mở app từ icon trên iPhone | E9: 1. Xem phần đầu trang | G9: Logo/tên không bị đồng hồ/pin che (chừa thanh trạng thái) | H9: TB | I9: Giao diện | K9: Chưa test
A10: TC-TC-09 | B10: PWA | C10: Android nhấn giữ icon hiện lối tắt | D10: Đã cài trên Android | E10: 1. Nhấn giữ icon Laboong | G10: Hiện quick action: Đặt món/Đổi quà/Voucher/Đơn hàng | H10: Thấp | I10: Chức năng | K10: Chưa test

Sheet Đổi quà & Ví voucher
A1: Mã TC | B1: Chức năng | C1: Tiêu đề kịch bản | D1: Điều kiện tiên quyết | E1: Các bước thực hiện | F1: Dữ liệu test | G1: Kết quả mong đợi | H1: Ưu tiên | I1: Loại test | J1: Kết quả thực tế | K1: Trạng thái | L1: Ghi chú
A2: TC-ĐQ-01 | B2: Đổi quà | C2: Đổi quà khi đủ điểm | D2: Khách đủ điểm | E2: 1. Vào Đổi quà 2. Chọn quà 3. Bấm Đổi | F2: điểm ≥ yêu cầu | G2: Trừ điểm đúng; voucher vào Ví của tôi | H2: Cao | I2: Chức năng | K2: Chưa test
A3: TC-ĐQ-02 | B3: Đổi quà | C3: Chặn đổi khi thiếu điểm | D3: Khách thiếu điểm | E3: 1. Bấm Đổi quà vượt điểm | F3: điểm < yêu cầu | G3: Không cho đổi; báo thiếu điểm | H3: Cao | I3: Chức năng | K3: Chưa test
A4: TC-ĐQ-03 | B4: Đổi quà | C4: Giới hạn số lần đổi/khách | D4: Quà đặt per_customer_limit=1 | E4: 1. Đổi lần 1 (OK) 2. Đổi lần 2 | F4: limit=1 | G4: Lần 2 báo 'Đã đổi tối đa' | H4: Cao | I4: Chức năng | K4: Chưa test
A5: TC-ĐQ-04 | B5: Đổi quà | C5: Không điền giới hạn = không giới hạn | D5: per_customer_limit trống | E5: 1. Đổi nhiều lần | F5: limit rỗng | G5: Đổi được không giới hạn (đủ điểm) | H5: TB | I5: Chức năng | K5: Chưa test
A6: TC-ĐQ-05 | B6: Đổi quà | C6: Miễn phí món — áp dụng tất cả sản phẩm | D6: Quà 'free item' chọn tất cả | E6: 1. Cấu hình 35đ size M mọi món, 42đ size L 2. Khách đổi | F6: size M/L | G6: Áp đúng theo size cho mọi món | H6: TB | I6: Chức năng | K6: Chưa test
A7: TC-ĐQ-06 | B7: Đổi quà | C7: Ảnh quà hiển thị đúng | D7: Ảnh đã upload | E7: 1. Xem thẻ quà | G7: Hiện ảnh (không lỗi background blob:...) | H7: TB | I7: Giao diện | K7: Chưa test
A8: TC-ĐQ-07 | B8: Ví voucher | C8: Voucher hiển thị trong ví | D8: Đã đổi quà | E8: 1. Vào Voucher của tôi | G8: Thấy voucher vừa đổi kèm mã | H8: Cao | I8: Chức năng | K8: Chưa test

Sheet Đặt món & Đơn hàng
A1: Mã TC | B1: Chức năng | C1: Tiêu đề kịch bản | D1: Điều kiện tiên quyết | E1: Các bước thực hiện | F1: Dữ liệu test | G1: Kết quả mong đợi | H1: Ưu tiên | I1: Loại test | J1: Kết quả thực tế | K1: Trạng thái | L1: Ghi chú
A2: TC-ĐM-01 | B2: Đặt món | C2: Thêm giỏ & đặt đơn | D2: Đăng nhập khách | E2: 1. Vào /menu 2. Chọn món + size/variant 3. Đặt hàng | G2: Tạo đơn thành công, hiện trong lịch sử | H2: Cao | I2: Chức năng | K2: Chưa test
A3: TC-ĐM-02 | B3: Phí ship | C3: Tính khoảng cách theo xe máy | D3: Có địa chỉ giao | E3: 1. Chọn giao từ - giao đến 2. Xem phí ship | F3: 2 địa chỉ | G3: Tính theo quãng đường lái xe (DRIVING), không phải đi bộ | H3: Cao | I3: Chức năng | K3: Chưa test
A4: TC-ĐM-03 | B4: Phí ship | C4: Ngưỡng tổng hoá đơn tối thiểu | D4: Cấu hình min_order_amount | E4: 1. Đặt đơn dưới/đủ ngưỡng | F4: dưới & đủ | G4: Dưới ngưỡng áp theo quy tắc; để trống = không áp ngưỡng | H4: TB | I4: Chức năng | K4: Chưa test
A5: TC-ĐM-04 | B5: Đơn hàng | C5: Theo dõi trạng thái đơn | D5: Có đơn đang xử lý | E5: 1. Vào Theo dõi đơn hàng | G5: Thấy trạng thái: Chờ→Pha chế→Sẵn sàng→Hoàn tất | H5: Cao | I5: Chức năng | K5: Chưa test
A6: TC-ĐM-05 | B6: Điểm thưởng | C6: Chỉ cộng điểm khi Hoàn tất | D6: Đơn mới đặt | E6: 1. Đơn ở trạng thái chưa hoàn tất 2. Hoàn tất đơn | G6: Điểm & total_spent chỉ cộng khi Hoàn tất (không cộng lúc đặt) | H6: Cao | I6: Chức năng | K6: Chưa test
A7: TC-ĐM-06 | B7: Điểm thưởng | C7: Đơn huỷ không làm phồng số liệu | D7: Đơn bị huỷ | E7: 1. Huỷ đơn | G7: total_orders/total_spent KHÔNG tăng do đơn huỷ | H7: Cao | I7: Chức năng | K7: Chưa test

Sheet POS Thu ngân
A1: Mã TC | B1: Chức năng | C1: Tiêu đề kịch bản | D1: Điều kiện tiên quyết | E1: Các bước thực hiện | F1: Dữ liệu test | G1: Kết quả mong đợi | H1: Ưu tiên | I1: Loại test | J1: Kết quả thực tế | K1: Trạng thái | L1: Ghi chú
A2: TC-PT-01 | B2: POS | C2: Vào màn hình tích điểm | D2: Đăng nhập thu ngân | E2: 1. Đăng nhập / bấm 'Bán hàng' | G2: Hiện màn hình POS /pos/points | H2: Cao | I2: Chức năng | K2: Chưa test
A3: TC-PT-02 | B3: POS | C3: Bước chọn cửa hàng (nhiều CH) | D3: Thu ngân gán ≥2 cửa hàng | E3: 1. Mở POS | F3: staff 2 stores | G3: Hiện bước 'Chọn cửa hàng đang bán' | H3: Cao | I3: Chức năng | K3: Chưa test
A4: TC-PT-03 | B4: POS | C4: Bỏ qua chọn CH (1 cửa hàng) | D4: Thu ngân gán 1 cửa hàng | E4: 1. Mở POS | F4: staff 1 store | G4: Vào thẳng, không hỏi chọn cửa hàng | H4: TB | I4: Chức năng | K4: Chưa test
A5: TC-PT-04 | B5: POS | C5: Tích điểm theo số tiền | D5: Đã chọn cửa hàng | E5: 1. Nhập số tiền 2. Tìm khách (QR/SĐT/mã) 3. Xác nhận | F5: hoá đơn 85.000đ | G5: Cộng đúng điểm (10.000đ=1đ → 8đ), ghi cho đúng cửa hàng | H5: Cao | I5: Chức năng | K5: Chưa test
A6: TC-PT-05 | B6: POS | C6: Tìm khách bằng nhiều cách | E6: 1. Quét QR / nhập SĐT / nhập mã LBVP | G6: Đều tìm ra đúng khách | H6: TB | I6: Chức năng | K6: Chưa test
A7: TC-PT-06 | B7: POS | C7: Đổi/dùng voucher 1 lần | D7: Khách có voucher chưa dùng | E7: 1. Quét/nhập mã voucher 2. Xác nhận | F7: mã hợp lệ | G7: Đánh dấu Đã dùng; dùng lại báo không hợp lệ | H7: Cao | I7: Chức năng | K7: Chưa test
A8: TC-PT-07 | B8: POS | C8: Ghi nhận đúng cửa hàng | D8: Chọn cửa hàng A | E8: 1. Tích điểm 2. Kiểm tra bản ghi | G8: Giao dịch gắn đúng cửa hàng đã chọn | H8: Cao | I8: Chức năng | K8: Chưa test

Sheet Quản trị (Admin)
A1: Mã TC | B1: Chức năng | C1: Tiêu đề kịch bản | D1: Điều kiện tiên quyết | E1: Các bước thực hiện | F1: Dữ liệu test | G1: Kết quả mong đợi | H1: Ưu tiên | I1: Loại test | J1: Kết quả thực tế | K1: Trạng thái | L1: Ghi chú
A2: TC-QT-01 | B2: Khách hàng | C2: Danh sách, tìm kiếm, sắp xếp | D2: Đăng nhập admin/quản lý | E2: 1. Vào Khách hàng 2. Tìm theo tên/SĐT/email 3. Sắp xếp mới nhất | G2: Lọc đúng; khách đăng ký mới nhất lên đầu | H2: Cao | I2: Chức năng | K2: Chưa test
A3: TC-QT-02 | B3: Khách hàng | C3: Trạng thái online/offline | D3: Có khách vừa truy cập | E3: 1. Xem cột trạng thái | G3: Hiện đúng online/offline theo last_seen_at (không luôn active) | H3: TB | I3: Chức năng | K3: Chưa test
A4: TC-QT-03 | B4: Khách hàng | C4: Xoá khách hàng | E4: 1. Bấm xoá khách 2. Xác nhận | G4: Modal xác nhận nổi trên cùng (z-index đúng); xoá thành công | H4: TB | I4: Chức năng | K4: Chưa test
A5: TC-QT-04 | B5: Điểm | C5: Cộng/trừ điểm thủ công | D5: Quyền adjust | E5: 1. Vào Điểm & giao dịch 2. Điều chỉnh điểm khách | G5: Ghi nhận đúng bút toán điều chỉnh | H5: Cao | I5: Chức năng | K5: Chưa test
A6: TC-QT-05 | B6: Đơn hàng | C6: Lọc đơn theo cửa hàng của staff | D6: Staff gán cửa hàng cụ thể | E6: 1. Vào Đơn hàng | F6: staff 1-2 stores | G6: Chỉ thấy đơn của cửa hàng mình; admin thấy tất cả | H6: Cao | I6: Chức năng | K6: Chưa test
A7: TC-QT-06 | B7: Đơn hàng | C7: Chặn thao tác ngoài cửa hàng | D7: Đơn thuộc cửa hàng khác | E7: 1. Thử advance/cancel đơn ngoài phạm vi | G7: Bị chặn (không cho thao tác) | H7: Cao | I7: Bảo mật | K7: Chưa test
A8: TC-QT-07 | B8: Đổi quà | C8: CRUD quà + giới hạn + free item | D8: Quyền gift_edit | E8: 1. Tạo/sửa/xoá quà, đặt limit, free item | G8: Lưu đúng cấu hình | H8: Cao | I8: Chức năng | K8: Chưa test
A9: TC-QT-08 | B9: Phí ship | C9: Ngưỡng tổng hoá đơn tuỳ chọn | D9: Quyền ship_edit | E9: 1. Nhập/không nhập min_order_amount | G9: Lưu được cả hai; trống = không áp ngưỡng | H9: TB | I9: Chức năng | K9: Chưa test
A10: TC-QT-09 | B10: Cửa hàng | C10: Gán nhân sự nhiều cửa hàng | D10: Quyền staff | E10: 1. Phân quyền chọn nhiều cửa hàng cho 1 nhân viên | F10: ≥2 cửa hàng | G10: Lưu pivot staff_store; nhân viên thấy nhiều cửa hàng | H10: Cao | I10: Chức năng | K10: Chưa test
A11: TC-QT-10 | B11: Phân quyền | C11: 28 quyền chi tiết + override | D11: Quyền staff | E11: 1. Bật/tắt từng quyền cho vai trò 2. Lưu | G11: Override lưu đè mặc định; áp dụng đúng cho staff | H11: Cao | I11: Chức năng | K11: Chưa test
A12: TC-QT-11 | B12: SEO | C12: Đổi title & meta description | D12: Quyền seo_edit | E12: 1. Vào SEO, chọn trang 2. Sửa title + description 3. Lưu | G12: Trang public đổi đúng <title> và meta description | H12: Cao | I12: Chức năng | K12: Chưa test
A13: TC-QT-12 | B13: SEO | C13: Structured Data (Schema) tuỳ chỉnh | D13: Quyền seo_edit | E13: 1. Đặt type/priceRange/cuisine/sameAs 2. Nhập custom JSON-LD | F13: JSON hợp lệ/sai | G13: JSON-LD phát ra đúng; JSON sai bị chặn lưu (422) | H13: TB | I13: Chức năng | K13: Chưa test
A14: TC-QT-13 | B14: Tin tức | C14: Tạo & hiển thị tin tức | D14: Quyền news_edit | E14: 1. Tạo bài, chọn hiển thị | G14: Bài hiện ở trang chủ & /tin-tuc | H14: TB | I14: Chức năng | K14: Chưa test
A15: TC-QT-14 | B15: Cài đặt | C15: Logo & favicon & điểm chào mừng | D15: Quyền settings | E15: 1. Upload logo/favicon, đặt điểm chào mừng | G15: Lưu & áp dụng; cache-busting theo filemtime | H15: TB | I15: Chức năng | K15: Chưa test
A16: TC-QT-15 | B16: Dashboard | C16: Truy cập theo vai trò | E16: 1. Đăng nhập admin/manager | G16: Vào được Tổng quan; số liệu hiển thị | H16: TB | I16: Chức năng | K16: Chưa test

Sheet Bảo mật & Phân quyền
A1: Mã TC | B1: Chức năng | C1: Tiêu đề kịch bản | D1: Điều kiện tiên quyết | E1: Các bước thực hiện | F1: Dữ liệu test | G1: Kết quả mong đợi | H1: Ưu tiên | I1: Loại test | J1: Kết quả thực tế | K1: Trạng thái | L1: Ghi chú
A2: TC-BM-01 | B2: XSS | C2: Chặn Stored XSS trong Tin tức | D2: Quyền news_edit | E2: 1. Nhập nội dung có <script>/onerror/onclick... 2. Lưu & xem | F2: payload XSS | G2: Bị lọc bỏ thẻ/script; HTML hợp lệ vẫn giữ | H2: Cao | I2: Bảo mật | K2: Chưa test
A3: TC-BM-02 | B3: Rate limit | C3: Chặn brute-force các cổng nhạy cảm | E3: 1. Spam login/otp/reset/register | G3: Bị giới hạn theo cấu hình | H3: Cao | I3: Bảo mật | K3: Chưa test
A4: TC-BM-03 | B4: Phân quyền | C4: Middleware chặn staff không đủ quyền | D4: Staff thiếu quyền | E4: 1. Truy cập URL admin không được cấp | G4: Trả 403, không vào được | H4: Cao | I4: Bảo mật | K4: Chưa test
A5: TC-BM-04 | B5: Phân quyền | C5: Thu ngân không vào trang chỉ quản lý | D5: Đăng nhập cashier | E5: 1. Mở trang manager-only | G5: Bị chặn/ẩn khỏi menu | H5: Cao | I5: Bảo mật | K5: Chưa test
A6: TC-BM-05 | B6: Trang lỗi | C6: 403 & 404 hiển thị đẹp | E6: 1. Truy cập URL cấm / không tồn tại | G6: Hiện trang 403 / 404 tuỳ biến | H6: Thấp | I6: Giao diện | K6: Chưa test
A7: TC-BM-06 | B7: Ảnh | C7: Chặn URL blob: rò rỉ | D7: Upload ảnh quà/logo | E7: 1. Lưu ảnh | G7: Lưu URL hợp lệ, không lưu blob: | H7: TB | I7: Bảo mật | K7: Chưa test

Sheet SEO & PWA
A1: Mã TC | B1: Chức năng | C1: Tiêu đề kịch bản | D1: Điều kiện tiên quyết | E1: Các bước thực hiện | F1: Dữ liệu test | G1: Kết quả mong đợi | H1: Ưu tiên | I1: Loại test | J1: Kết quả thực tế | K1: Trạng thái | L1: Ghi chú
A2: TC-SP-01 | B2: Manifest | C2: Manifest hợp lệ & cài được | E2: 1. Kiểm tra /manifest.webmanifest | G2: JSON hợp lệ; trình duyệt nhận diện cài được | H2: Cao | I2: Chức năng | K2: Chưa test
A3: TC-SP-02 | B3: SEO | C3: Meta/title theo từng trang | E3: 1. Xem source các trang SEO | G3: Mỗi trang có title + meta description riêng | H3: Cao | I3: Chức năng | K3: Chưa test
A4: TC-SP-03 | B4: SEO | C4: JSON-LD phát ra đúng | E4: 1. Xem source trang chủ | G4: Có ld+json CafeOrCoffeeShop + custom (nếu cấu hình) | H4: TB | I4: Chức năng | K4: Chưa test
A5: TC-SP-04 | B5: QR | C5: Mã QR trỏ về website | E5: 1. Quét QR đã tạo | G5: Mở đúng địa chỉ website cửa hàng | H5: TB | I5: Chức năng | K5: Chưa test
A6: TC-SP-05 | B6: Hiệu năng | C6: Trang tải không quá chậm | E6: 1. Đo tải trang chính | G6: Tài nguyên có cache-busting; tải ở mức chấp nhận được | H6: Thấp | I6: Hiệu năng | K6: Chưa test
